{"cameraMode":{"drawMode":0,"name":"Shaded","section":"Shading Mode"},"sceneLighting":false,"audioPlay":false,"sceneViewState":{"m_AlwaysRefresh":false,"showFog":true,"showSkybox":false,"showFlares":true,"showImageEffects":true,"showParticleSystems":true,"showVisualEffectGraphs":true,"m_FxEnabled":true},"in2DMode":false,"pivot":{"x":-0.8322081565856934,"y":-0.42092543840408327,"z":0.7513375282287598},"rotation":{"x":-0.19526150822639466,"y":0.44197559356689455,"z":-0.0992099791765213,"w":-0.8698791861534119},"size":1.0485074520111085,"orthographic":false}