{"cameraMode":{"drawMode":0,"name":"Shaded","section":"Shading Mode"},"sceneLighting":false,"audioPlay":false,"sceneViewState":{"m_AlwaysRefresh":false,"showFog":true,"showSkybox":false,"showFlares":true,"showImageEffects":true,"showParticleSystems":true,"showVisualEffectGraphs":true,"m_FxEnabled":true},"in2DMode":false,"pivot":{"x":0.44491273164749148,"y":0.09849053621292114,"z":0.7838308811187744},"rotation":{"x":-0.15958289802074433,"y":0.15537050366401673,"z":-0.02544173039495945,"w":-0.9745520949363709},"size":1.7660253047943116,"orthographic":false}