{"cameraMode":{"drawMode":0,"name":"Shaded","section":"Shading Mode"},"sceneLighting":false,"audioPlay":false,"sceneViewState":{"m_AlwaysRefresh":false,"showFog":true,"showSkybox":false,"showFlares":true,"showImageEffects":true,"showParticleSystems":true,"showVisualEffectGraphs":true,"m_FxEnabled":true},"in2DMode":false,"pivot":{"x":0.3539579510688782,"y":0.26597556471824648,"z":0.9385157823562622},"rotation":{"x":-0.18467774987220765,"y":0.14447617530822755,"z":-0.027457576245069505,"w":-0.9717371463775635},"size":0.9866026043891907,"orthographic":false}